MFGR#11,ASIA,CHINA,CHINA    6,8LdtVOXq6ejlmfTh,431
MFGR#11,ASIA,CHINA,CHINA    6,"Fr2TmxxI6mLh,sXAj",333
MFGR#11,ASIA,CHINA,CHINA    6,sJlHSDLpYsNjM,157
MFGR#11,ASIA,CHINA,CHINA    8,TA3zjy0i4rgoal1ukBosP,670
MFGR#11,ASIA,CHINA,CHINA    8,i3ChAKWhBOOwxK9n8J9vejoM,445
MFGR#11,ASIA,INDONESIA,INDONESIA0,vH3mcklp Z,144
MFGR#11,ASIA,INDONESIA,INDONESIA0,5U85O9X8,610
MFGR#11,ASIA,INDONESIA,INDONESIA0,"5fCCDoYELVbyRq,PT9C OF",267
MFGR#11,ASIA,INDONESIA,INDONESIA0,6z6PIEq,199
MFGR#11,ASIA,INDONESIA,INDONESIA0,JFKJM3XXCFAi0PxVSfTv3AAg,271
MFGR#11,ASIA,INDONESIA,INDONESIA0,LlL4ZBKxNi0esWi8c,301
MFGR#11,ASIA,INDONESIA,INDONESIA0,OLLkagRuhiycWWHdkrRHf1q,323
MFGR#11,ASIA,INDONESIA,INDONESIA0,OjpQyyYu9P0qP,554
MFGR#11,ASIA,INDONESIA,INDONESIA0,PFRqBPf,589
MFGR#11,ASIA,INDONESIA,INDONESIA0,PR4xdqIm2EluMp,325
MFGR#11,ASIA,INDONESIA,INDONESIA0,ZSOylZBK DlVAi9ROTxMP,337
MFGR#11,ASIA,INDONESIA,INDONESIA0,aZzSOPxr748CceWovThdSN,118
MFGR#11,ASIA,INDONESIA,INDONESIA0,i00NkV,339
MFGR#11,ASIA,INDONESIA,INDONESIA0,"i51GMTvjEnDro,vjF1EYmA",318
MFGR#11,ASIA,INDONESIA,INDONESIA0,"kbHcn5 hA5OGrC,Bwcnc",89
MFGR#11,ASIA,INDONESIA,INDONESIA0,luKrm8e8gfaR,160
MFGR#11,ASIA,INDONESIA,INDONESIA0,nCOFZUcEo,508
MFGR#11,ASIA,INDONESIA,INDONESIA0,sNVVZtrn yAzG4X68,573
MFGR#11,ASIA,INDONESIA,INDONESIA0,sPigId5cZh61Imy8l,154
MFGR#11,ASIA,INDONESIA,INDONESIA0,svYlmdzd7xRJoS,86
MFGR#11,ASIA,INDONESIA,INDONESIA0,uS4dPoi4UlQcTkYqOPN,351
MFGR#11,ASIA,INDONESIA,INDONESIA0,v1X2F9a,501
MFGR#11,ASIA,INDONESIA,INDONESIA0,"xk2P4iOrdYzUU,ijYSYbr",209
MFGR#11,ASIA,INDONESIA,INDONESIA0,ynGOGBWM1g2ppv3GBZ4F,174
MFGR#11,ASIA,INDONESIA,INDONESIA0,z9WGJ7B9,291
MFGR#12,ASIA,CHINA,CHINA    6,8LdtVOXq6ejlmfTh,448
MFGR#12,ASIA,CHINA,CHINA    6,"Fr2TmxxI6mLh,sXAj",575
MFGR#12,ASIA,CHINA,CHINA    6,sJlHSDLpYsNjM,182
MFGR#12,ASIA,CHINA,CHINA    8,TA3zjy0i4rgoal1ukBosP,223
MFGR#12,ASIA,CHINA,CHINA    8,i3ChAKWhBOOwxK9n8J9vejoM,151
MFGR#12,ASIA,INDONESIA,INDONESIA0,vH3mcklp Z,248
MFGR#12,ASIA,INDONESIA,INDONESIA0,5U85O9X8,550
MFGR#12,ASIA,INDONESIA,INDONESIA0,"5fCCDoYELVbyRq,PT9C OF",98
MFGR#12,ASIA,INDONESIA,INDONESIA0,6z6PIEq,186
MFGR#12,ASIA,INDONESIA,INDONESIA0,JFKJM3XXCFAi0PxVSfTv3AAg,345
MFGR#12,ASIA,INDONESIA,INDONESIA0,LlL4ZBKxNi0esWi8c,321
MFGR#12,ASIA,INDONESIA,INDONESIA0,OLLkagRuhiycWWHdkrRHf1q,123
MFGR#12,ASIA,INDONESIA,INDONESIA0,OjpQyyYu9P0qP,153
MFGR#12,ASIA,INDONESIA,INDONESIA0,PFRqBPf,310
MFGR#12,ASIA,INDONESIA,INDONESIA0,PR4xdqIm2EluMp,89
MFGR#12,ASIA,INDONESIA,INDONESIA0,ZSOylZBK DlVAi9ROTxMP,568
MFGR#12,ASIA,INDONESIA,INDONESIA0,aZzSOPxr748CceWovThdSN,160
MFGR#12,ASIA,INDONESIA,INDONESIA0,i00NkV,215
MFGR#12,ASIA,INDONESIA,INDONESIA0,"i51GMTvjEnDro,vjF1EYmA",512
MFGR#12,ASIA,INDONESIA,INDONESIA0,"kbHcn5 hA5OGrC,Bwcnc",80
MFGR#12,ASIA,INDONESIA,INDONESIA0,luKrm8e8gfaR,282
MFGR#12,ASIA,INDONESIA,INDONESIA0,nCOFZUcEo,381
MFGR#12,ASIA,INDONESIA,INDONESIA0,sNVVZtrn yAzG4X68,431
MFGR#12,ASIA,INDONESIA,INDONESIA0,sPigId5cZh61Imy8l,192
MFGR#12,ASIA,INDONESIA,INDONESIA0,svYlmdzd7xRJoS,166
MFGR#12,ASIA,INDONESIA,INDONESIA0,uS4dPoi4UlQcTkYqOPN,529
MFGR#12,ASIA,INDONESIA,INDONESIA0,v1X2F9a,266
MFGR#12,ASIA,INDONESIA,INDONESIA0,"xk2P4iOrdYzUU,ijYSYbr",260
MFGR#12,ASIA,INDONESIA,INDONESIA0,ynGOGBWM1g2ppv3GBZ4F,143
MFGR#12,ASIA,INDONESIA,INDONESIA0,z9WGJ7B9,200
MFGR#13,ASIA,CHINA,CHINA    6,8LdtVOXq6ejlmfTh,295
MFGR#13,ASIA,CHINA,CHINA    6,"Fr2TmxxI6mLh,sXAj",448
MFGR#13,ASIA,CHINA,CHINA    6,sJlHSDLpYsNjM,243
MFGR#13,ASIA,CHINA,CHINA    8,TA3zjy0i4rgoal1ukBosP,486
MFGR#13,ASIA,CHINA,CHINA    8,i3ChAKWhBOOwxK9n8J9vejoM,225
MFGR#13,ASIA,INDONESIA,INDONESIA0,vH3mcklp Z,186
MFGR#13,ASIA,INDONESIA,INDONESIA0,5U85O9X8,754
MFGR#13,ASIA,INDONESIA,INDONESIA0,"5fCCDoYELVbyRq,PT9C OF",205
MFGR#13,ASIA,INDONESIA,INDONESIA0,6z6PIEq,190
MFGR#13,ASIA,INDONESIA,INDONESIA0,JFKJM3XXCFAi0PxVSfTv3AAg,219
MFGR#13,ASIA,INDONESIA,INDONESIA0,LlL4ZBKxNi0esWi8c,287
MFGR#13,ASIA,INDONESIA,INDONESIA0,OLLkagRuhiycWWHdkrRHf1q,246
MFGR#13,ASIA,INDONESIA,INDONESIA0,OjpQyyYu9P0qP,548
MFGR#13,ASIA,INDONESIA,INDONESIA0,PFRqBPf,366
MFGR#13,ASIA,INDONESIA,INDONESIA0,PR4xdqIm2EluMp,395
MFGR#13,ASIA,INDONESIA,INDONESIA0,ZSOylZBK DlVAi9ROTxMP,288
MFGR#13,ASIA,INDONESIA,INDONESIA0,aZzSOPxr748CceWovThdSN,145
MFGR#13,ASIA,INDONESIA,INDONESIA0,i00NkV,188
MFGR#13,ASIA,INDONESIA,INDONESIA0,"i51GMTvjEnDro,vjF1EYmA",177
MFGR#13,ASIA,INDONESIA,INDONESIA0,"kbHcn5 hA5OGrC,Bwcnc",67
MFGR#13,ASIA,INDONESIA,INDONESIA0,luKrm8e8gfaR,263
MFGR#13,ASIA,INDONESIA,INDONESIA0,nCOFZUcEo,376
MFGR#13,ASIA,INDONESIA,INDONESIA0,sNVVZtrn yAzG4X68,220
MFGR#13,ASIA,INDONESIA,INDONESIA0,sPigId5cZh61Imy8l,219
MFGR#13,ASIA,INDONESIA,INDONESIA0,svYlmdzd7xRJoS,49
MFGR#13,ASIA,INDONESIA,INDONESIA0,uS4dPoi4UlQcTkYqOPN,398
MFGR#13,ASIA,INDONESIA,INDONESIA0,v1X2F9a,317
MFGR#13,ASIA,INDONESIA,INDONESIA0,"xk2P4iOrdYzUU,ijYSYbr",221
MFGR#13,ASIA,INDONESIA,INDONESIA0,ynGOGBWM1g2ppv3GBZ4F,182
MFGR#13,ASIA,INDONESIA,INDONESIA0,z9WGJ7B9,252
MFGR#14,ASIA,CHINA,CHINA    6,8LdtVOXq6ejlmfTh,243
MFGR#14,ASIA,CHINA,CHINA    6,"Fr2TmxxI6mLh,sXAj",395
MFGR#14,ASIA,CHINA,CHINA    6,sJlHSDLpYsNjM,110
MFGR#14,ASIA,CHINA,CHINA    8,TA3zjy0i4rgoal1ukBosP,336
MFGR#14,ASIA,CHINA,CHINA    8,i3ChAKWhBOOwxK9n8J9vejoM,241
MFGR#14,ASIA,INDONESIA,INDONESIA0,vH3mcklp Z,268
MFGR#14,ASIA,INDONESIA,INDONESIA0,5U85O9X8,583
MFGR#14,ASIA,INDONESIA,INDONESIA0,"5fCCDoYELVbyRq,PT9C OF",224
MFGR#14,ASIA,INDONESIA,INDONESIA0,6z6PIEq,210
MFGR#14,ASIA,INDONESIA,INDONESIA0,JFKJM3XXCFAi0PxVSfTv3AAg,150
MFGR#14,ASIA,INDONESIA,INDONESIA0,LlL4ZBKxNi0esWi8c,298
MFGR#14,ASIA,INDONESIA,INDONESIA0,OLLkagRuhiycWWHdkrRHf1q,300
MFGR#14,ASIA,INDONESIA,INDONESIA0,OjpQyyYu9P0qP,493
MFGR#14,ASIA,INDONESIA,INDONESIA0,PFRqBPf,266
MFGR#14,ASIA,INDONESIA,INDONESIA0,PR4xdqIm2EluMp,147
MFGR#14,ASIA,INDONESIA,INDONESIA0,ZSOylZBK DlVAi9ROTxMP,268
MFGR#14,ASIA,INDONESIA,INDONESIA0,aZzSOPxr748CceWovThdSN,277
MFGR#14,ASIA,INDONESIA,INDONESIA0,i00NkV,248
MFGR#14,ASIA,INDONESIA,INDONESIA0,"i51GMTvjEnDro,vjF1EYmA",412
MFGR#14,ASIA,INDONESIA,INDONESIA0,"kbHcn5 hA5OGrC,Bwcnc",162
MFGR#14,ASIA,INDONESIA,INDONESIA0,luKrm8e8gfaR,262
MFGR#14,ASIA,INDONESIA,INDONESIA0,nCOFZUcEo,887
MFGR#14,ASIA,INDONESIA,INDONESIA0,sNVVZtrn yAzG4X68,443
MFGR#14,ASIA,INDONESIA,INDONESIA0,sPigId5cZh61Imy8l,257
MFGR#14,ASIA,INDONESIA,INDONESIA0,svYlmdzd7xRJoS,151
MFGR#14,ASIA,INDONESIA,INDONESIA0,uS4dPoi4UlQcTkYqOPN,462
MFGR#14,ASIA,INDONESIA,INDONESIA0,v1X2F9a,267
MFGR#14,ASIA,INDONESIA,INDONESIA0,"xk2P4iOrdYzUU,ijYSYbr",122
MFGR#14,ASIA,INDONESIA,INDONESIA0,ynGOGBWM1g2ppv3GBZ4F,296
MFGR#14,ASIA,INDONESIA,INDONESIA0,z9WGJ7B9,341
MFGR#15,ASIA,CHINA,CHINA    6,8LdtVOXq6ejlmfTh,414
MFGR#15,ASIA,CHINA,CHINA    6,"Fr2TmxxI6mLh,sXAj",209
MFGR#15,ASIA,CHINA,CHINA    6,sJlHSDLpYsNjM,187
MFGR#15,ASIA,CHINA,CHINA    8,TA3zjy0i4rgoal1ukBosP,341
MFGR#15,ASIA,CHINA,CHINA    8,i3ChAKWhBOOwxK9n8J9vejoM,188
MFGR#15,ASIA,INDONESIA,INDONESIA0,vH3mcklp Z,223
MFGR#15,ASIA,INDONESIA,INDONESIA0,5U85O9X8,548
MFGR#15,ASIA,INDONESIA,INDONESIA0,"5fCCDoYELVbyRq,PT9C OF",254
MFGR#15,ASIA,INDONESIA,INDONESIA0,6z6PIEq,149
MFGR#15,ASIA,INDONESIA,INDONESIA0,JFKJM3XXCFAi0PxVSfTv3AAg,256
MFGR#15,ASIA,INDONESIA,INDONESIA0,LlL4ZBKxNi0esWi8c,441
MFGR#15,ASIA,INDONESIA,INDONESIA0,OLLkagRuhiycWWHdkrRHf1q,223
MFGR#15,ASIA,INDONESIA,INDONESIA0,OjpQyyYu9P0qP,462
MFGR#15,ASIA,INDONESIA,INDONESIA0,PFRqBPf,169
MFGR#15,ASIA,INDONESIA,INDONESIA0,PR4xdqIm2EluMp,315
MFGR#15,ASIA,INDONESIA,INDONESIA0,ZSOylZBK DlVAi9ROTxMP,332
MFGR#15,ASIA,INDONESIA,INDONESIA0,aZzSOPxr748CceWovThdSN,299
MFGR#15,ASIA,INDONESIA,INDONESIA0,i00NkV,441
MFGR#15,ASIA,INDONESIA,INDONESIA0,"i51GMTvjEnDro,vjF1EYmA",408
MFGR#15,ASIA,INDONESIA,INDONESIA0,"kbHcn5 hA5OGrC,Bwcnc",217
MFGR#15,ASIA,INDONESIA,INDONESIA0,luKrm8e8gfaR,154
MFGR#15,ASIA,INDONESIA,INDONESIA0,nCOFZUcEo,431
MFGR#15,ASIA,INDONESIA,INDONESIA0,sNVVZtrn yAzG4X68,329
MFGR#15,ASIA,INDONESIA,INDONESIA0,sPigId5cZh61Imy8l,128
MFGR#15,ASIA,INDONESIA,INDONESIA0,svYlmdzd7xRJoS,123
MFGR#15,ASIA,INDONESIA,INDONESIA0,uS4dPoi4UlQcTkYqOPN,221
MFGR#15,ASIA,INDONESIA,INDONESIA0,v1X2F9a,380
MFGR#15,ASIA,INDONESIA,INDONESIA0,"xk2P4iOrdYzUU,ijYSYbr",224
MFGR#15,ASIA,INDONESIA,INDONESIA0,ynGOGBWM1g2ppv3GBZ4F,341
MFGR#15,ASIA,INDONESIA,INDONESIA0,z9WGJ7B9,581
MFGR#21,ASIA,CHINA,CHINA    6,8LdtVOXq6ejlmfTh,652
MFGR#21,ASIA,CHINA,CHINA    6,"Fr2TmxxI6mLh,sXAj",384
MFGR#21,ASIA,CHINA,CHINA    6,sJlHSDLpYsNjM,287
MFGR#21,ASIA,CHINA,CHINA    8,TA3zjy0i4rgoal1ukBosP,258
MFGR#21,ASIA,CHINA,CHINA    8,i3ChAKWhBOOwxK9n8J9vejoM,452
MFGR#21,ASIA,INDONESIA,INDONESIA0,vH3mcklp Z,173
MFGR#21,ASIA,INDONESIA,INDONESIA0,5U85O9X8,333
MFGR#21,ASIA,INDONESIA,INDONESIA0,"5fCCDoYELVbyRq,PT9C OF",123
MFGR#21,ASIA,INDONESIA,INDONESIA0,6z6PIEq,29
MFGR#21,ASIA,INDONESIA,INDONESIA0,JFKJM3XXCFAi0PxVSfTv3AAg,132
MFGR#21,ASIA,INDONESIA,INDONESIA0,LlL4ZBKxNi0esWi8c,353
MFGR#21,ASIA,INDONESIA,INDONESIA0,OLLkagRuhiycWWHdkrRHf1q,175
MFGR#21,ASIA,INDONESIA,INDONESIA0,OjpQyyYu9P0qP,725
MFGR#21,ASIA,INDONESIA,INDONESIA0,PFRqBPf,542
MFGR#21,ASIA,INDONESIA,INDONESIA0,PR4xdqIm2EluMp,215
MFGR#21,ASIA,INDONESIA,INDONESIA0,ZSOylZBK DlVAi9ROTxMP,325
MFGR#21,ASIA,INDONESIA,INDONESIA0,aZzSOPxr748CceWovThdSN,128
MFGR#21,ASIA,INDONESIA,INDONESIA0,i00NkV,343
MFGR#21,ASIA,INDONESIA,INDONESIA0,"i51GMTvjEnDro,vjF1EYmA",422
MFGR#21,ASIA,INDONESIA,INDONESIA0,"kbHcn5 hA5OGrC,Bwcnc",26
MFGR#21,ASIA,INDONESIA,INDONESIA0,luKrm8e8gfaR,229
MFGR#21,ASIA,INDONESIA,INDONESIA0,nCOFZUcEo,537
MFGR#21,ASIA,INDONESIA,INDONESIA0,sNVVZtrn yAzG4X68,621
MFGR#21,ASIA,INDONESIA,INDONESIA0,sPigId5cZh61Imy8l,342
MFGR#21,ASIA,INDONESIA,INDONESIA0,svYlmdzd7xRJoS,29
MFGR#21,ASIA,INDONESIA,INDONESIA0,uS4dPoi4UlQcTkYqOPN,303
MFGR#21,ASIA,INDONESIA,INDONESIA0,v1X2F9a,360
MFGR#21,ASIA,INDONESIA,INDONESIA0,"xk2P4iOrdYzUU,ijYSYbr",187
MFGR#21,ASIA,INDONESIA,INDONESIA0,ynGOGBWM1g2ppv3GBZ4F,176
MFGR#21,ASIA,INDONESIA,INDONESIA0,z9WGJ7B9,295
MFGR#22,ASIA,CHINA,CHINA    6,8LdtVOXq6ejlmfTh,548
MFGR#22,ASIA,CHINA,CHINA    6,"Fr2TmxxI6mLh,sXAj",507
MFGR#22,ASIA,CHINA,CHINA    6,sJlHSDLpYsNjM,211
MFGR#22,ASIA,CHINA,CHINA    8,TA3zjy0i4rgoal1ukBosP,215
MFGR#22,ASIA,CHINA,CHINA    8,i3ChAKWhBOOwxK9n8J9vejoM,131
MFGR#22,ASIA,INDONESIA,INDONESIA0,vH3mcklp Z,265
MFGR#22,ASIA,INDONESIA,INDONESIA0,5U85O9X8,355
MFGR#22,ASIA,INDONESIA,INDONESIA0,"5fCCDoYELVbyRq,PT9C OF",238
MFGR#22,ASIA,INDONESIA,INDONESIA0,6z6PIEq,132
MFGR#22,ASIA,INDONESIA,INDONESIA0,JFKJM3XXCFAi0PxVSfTv3AAg,166
MFGR#22,ASIA,INDONESIA,INDONESIA0,LlL4ZBKxNi0esWi8c,284
MFGR#22,ASIA,INDONESIA,INDONESIA0,OLLkagRuhiycWWHdkrRHf1q,279
MFGR#22,ASIA,INDONESIA,INDONESIA0,OjpQyyYu9P0qP,412
MFGR#22,ASIA,INDONESIA,INDONESIA0,PFRqBPf,399
MFGR#22,ASIA,INDONESIA,INDONESIA0,PR4xdqIm2EluMp,372
MFGR#22,ASIA,INDONESIA,INDONESIA0,ZSOylZBK DlVAi9ROTxMP,374
MFGR#22,ASIA,INDONESIA,INDONESIA0,aZzSOPxr748CceWovThdSN,221
MFGR#22,ASIA,INDONESIA,INDONESIA0,i00NkV,218
MFGR#22,ASIA,INDONESIA,INDONESIA0,"i51GMTvjEnDro,vjF1EYmA",442
MFGR#22,ASIA,INDONESIA,INDONESIA0,"kbHcn5 hA5OGrC,Bwcnc",242
MFGR#22,ASIA,INDONESIA,INDONESIA0,luKrm8e8gfaR,115
MFGR#22,ASIA,INDONESIA,INDONESIA0,nCOFZUcEo,371
MFGR#22,ASIA,INDONESIA,INDONESIA0,sNVVZtrn yAzG4X68,524
MFGR#22,ASIA,INDONESIA,INDONESIA0,sPigId5cZh61Imy8l,248
MFGR#22,ASIA,INDONESIA,INDONESIA0,svYlmdzd7xRJoS,18
MFGR#22,ASIA,INDONESIA,INDONESIA0,uS4dPoi4UlQcTkYqOPN,355
MFGR#22,ASIA,INDONESIA,INDONESIA0,v1X2F9a,226
MFGR#22,ASIA,INDONESIA,INDONESIA0,"xk2P4iOrdYzUU,ijYSYbr",227
MFGR#22,ASIA,INDONESIA,INDONESIA0,ynGOGBWM1g2ppv3GBZ4F,162
MFGR#22,ASIA,INDONESIA,INDONESIA0,z9WGJ7B9,347
MFGR#23,ASIA,CHINA,CHINA    6,8LdtVOXq6ejlmfTh,365
MFGR#23,ASIA,CHINA,CHINA    6,"Fr2TmxxI6mLh,sXAj",421
MFGR#23,ASIA,CHINA,CHINA    6,sJlHSDLpYsNjM,260
MFGR#23,ASIA,CHINA,CHINA    8,TA3zjy0i4rgoal1ukBosP,399
MFGR#23,ASIA,CHINA,CHINA    8,i3ChAKWhBOOwxK9n8J9vejoM,138
MFGR#23,ASIA,INDONESIA,INDONESIA0,vH3mcklp Z,163
MFGR#23,ASIA,INDONESIA,INDONESIA0,5U85O9X8,363
MFGR#23,ASIA,INDONESIA,INDONESIA0,"5fCCDoYELVbyRq,PT9C OF",154
MFGR#23,ASIA,INDONESIA,INDONESIA0,6z6PIEq,126
MFGR#23,ASIA,INDONESIA,INDONESIA0,JFKJM3XXCFAi0PxVSfTv3AAg,427
MFGR#23,ASIA,INDONESIA,INDONESIA0,LlL4ZBKxNi0esWi8c,363
MFGR#23,ASIA,INDONESIA,INDONESIA0,OLLkagRuhiycWWHdkrRHf1q,207
MFGR#23,ASIA,INDONESIA,INDONESIA0,OjpQyyYu9P0qP,540
MFGR#23,ASIA,INDONESIA,INDONESIA0,PFRqBPf,260
MFGR#23,ASIA,INDONESIA,INDONESIA0,PR4xdqIm2EluMp,370
MFGR#23,ASIA,INDONESIA,INDONESIA0,ZSOylZBK DlVAi9ROTxMP,242
MFGR#23,ASIA,INDONESIA,INDONESIA0,aZzSOPxr748CceWovThdSN,249
MFGR#23,ASIA,INDONESIA,INDONESIA0,i00NkV,582
MFGR#23,ASIA,INDONESIA,INDONESIA0,"i51GMTvjEnDro,vjF1EYmA",263
MFGR#23,ASIA,INDONESIA,INDONESIA0,"kbHcn5 hA5OGrC,Bwcnc",217
MFGR#23,ASIA,INDONESIA,INDONESIA0,luKrm8e8gfaR,308
MFGR#23,ASIA,INDONESIA,INDONESIA0,nCOFZUcEo,567
MFGR#23,ASIA,INDONESIA,INDONESIA0,sNVVZtrn yAzG4X68,286
MFGR#23,ASIA,INDONESIA,INDONESIA0,sPigId5cZh61Imy8l,112
MFGR#23,ASIA,INDONESIA,INDONESIA0,svYlmdzd7xRJoS,104
MFGR#23,ASIA,INDONESIA,INDONESIA0,uS4dPoi4UlQcTkYqOPN,419
MFGR#23,ASIA,INDONESIA,INDONESIA0,v1X2F9a,454
MFGR#23,ASIA,INDONESIA,INDONESIA0,"xk2P4iOrdYzUU,ijYSYbr",150
MFGR#23,ASIA,INDONESIA,INDONESIA0,ynGOGBWM1g2ppv3GBZ4F,268
MFGR#23,ASIA,INDONESIA,INDONESIA0,z9WGJ7B9,271
MFGR#24,ASIA,CHINA,CHINA    6,8LdtVOXq6ejlmfTh,388
MFGR#24,ASIA,CHINA,CHINA    6,"Fr2TmxxI6mLh,sXAj",307
MFGR#24,ASIA,CHINA,CHINA    6,sJlHSDLpYsNjM,78
MFGR#24,ASIA,CHINA,CHINA    8,TA3zjy0i4rgoal1ukBosP,219
MFGR#24,ASIA,CHINA,CHINA    8,i3ChAKWhBOOwxK9n8J9vejoM,172
MFGR#24,ASIA,INDONESIA,INDONESIA0,vH3mcklp Z,202
MFGR#24,ASIA,INDONESIA,INDONESIA0,5U85O9X8,365
MFGR#24,ASIA,INDONESIA,INDONESIA0,"5fCCDoYELVbyRq,PT9C OF",50
MFGR#24,ASIA,INDONESIA,INDONESIA0,6z6PIEq,168
MFGR#24,ASIA,INDONESIA,INDONESIA0,JFKJM3XXCFAi0PxVSfTv3AAg,177
MFGR#24,ASIA,INDONESIA,INDONESIA0,LlL4ZBKxNi0esWi8c,272
MFGR#24,ASIA,INDONESIA,INDONESIA0,OLLkagRuhiycWWHdkrRHf1q,279
MFGR#24,ASIA,INDONESIA,INDONESIA0,OjpQyyYu9P0qP,434
MFGR#24,ASIA,INDONESIA,INDONESIA0,PFRqBPf,356
MFGR#24,ASIA,INDONESIA,INDONESIA0,PR4xdqIm2EluMp,216
MFGR#24,ASIA,INDONESIA,INDONESIA0,ZSOylZBK DlVAi9ROTxMP,458
MFGR#24,ASIA,INDONESIA,INDONESIA0,aZzSOPxr748CceWovThdSN,192
MFGR#24,ASIA,INDONESIA,INDONESIA0,i00NkV,554
MFGR#24,ASIA,INDONESIA,INDONESIA0,"i51GMTvjEnDro,vjF1EYmA",275
MFGR#24,ASIA,INDONESIA,INDONESIA0,"kbHcn5 hA5OGrC,Bwcnc",128
MFGR#24,ASIA,INDONESIA,INDONESIA0,luKrm8e8gfaR,169
MFGR#24,ASIA,INDONESIA,INDONESIA0,nCOFZUcEo,397
MFGR#24,ASIA,INDONESIA,INDONESIA0,sNVVZtrn yAzG4X68,403
MFGR#24,ASIA,INDONESIA,INDONESIA0,sPigId5cZh61Imy8l,279
MFGR#24,ASIA,INDONESIA,INDONESIA0,svYlmdzd7xRJoS,127
MFGR#24,ASIA,INDONESIA,INDONESIA0,uS4dPoi4UlQcTkYqOPN,529
MFGR#24,ASIA,INDONESIA,INDONESIA0,v1X2F9a,290
MFGR#24,ASIA,INDONESIA,INDONESIA0,"xk2P4iOrdYzUU,ijYSYbr",91
MFGR#24,ASIA,INDONESIA,INDONESIA0,ynGOGBWM1g2ppv3GBZ4F,328
MFGR#24,ASIA,INDONESIA,INDONESIA0,z9WGJ7B9,500
MFGR#25,ASIA,CHINA,CHINA    6,8LdtVOXq6ejlmfTh,445
MFGR#25,ASIA,CHINA,CHINA    6,"Fr2TmxxI6mLh,sXAj",191
MFGR#25,ASIA,CHINA,CHINA    6,sJlHSDLpYsNjM,134
MFGR#25,ASIA,CHINA,CHINA    8,TA3zjy0i4rgoal1ukBosP,427
MFGR#25,ASIA,CHINA,CHINA    8,i3ChAKWhBOOwxK9n8J9vejoM,365
MFGR#25,ASIA,INDONESIA,INDONESIA0,vH3mcklp Z,245
MFGR#25,ASIA,INDONESIA,INDONESIA0,5U85O9X8,441
MFGR#25,ASIA,INDONESIA,INDONESIA0,"5fCCDoYELVbyRq,PT9C OF",203
MFGR#25,ASIA,INDONESIA,INDONESIA0,6z6PIEq,68
MFGR#25,ASIA,INDONESIA,INDONESIA0,JFKJM3XXCFAi0PxVSfTv3AAg,179
MFGR#25,ASIA,INDONESIA,INDONESIA0,LlL4ZBKxNi0esWi8c,406
MFGR#25,ASIA,INDONESIA,INDONESIA0,OLLkagRuhiycWWHdkrRHf1q,171
MFGR#25,ASIA,INDONESIA,INDONESIA0,OjpQyyYu9P0qP,434
MFGR#25,ASIA,INDONESIA,INDONESIA0,PFRqBPf,431
MFGR#25,ASIA,INDONESIA,INDONESIA0,PR4xdqIm2EluMp,365
MFGR#25,ASIA,INDONESIA,INDONESIA0,ZSOylZBK DlVAi9ROTxMP,244
MFGR#25,ASIA,INDONESIA,INDONESIA0,aZzSOPxr748CceWovThdSN,119
MFGR#25,ASIA,INDONESIA,INDONESIA0,i00NkV,515
MFGR#25,ASIA,INDONESIA,INDONESIA0,"i51GMTvjEnDro,vjF1EYmA",205
MFGR#25,ASIA,INDONESIA,INDONESIA0,"kbHcn5 hA5OGrC,Bwcnc",241
MFGR#25,ASIA,INDONESIA,INDONESIA0,luKrm8e8gfaR,146
MFGR#25,ASIA,INDONESIA,INDONESIA0,nCOFZUcEo,481
MFGR#25,ASIA,INDONESIA,INDONESIA0,sNVVZtrn yAzG4X68,439
MFGR#25,ASIA,INDONESIA,INDONESIA0,sPigId5cZh61Imy8l,122
MFGR#25,ASIA,INDONESIA,INDONESIA0,svYlmdzd7xRJoS,152
MFGR#25,ASIA,INDONESIA,INDONESIA0,uS4dPoi4UlQcTkYqOPN,193
MFGR#25,ASIA,INDONESIA,INDONESIA0,v1X2F9a,220
MFGR#25,ASIA,INDONESIA,INDONESIA0,"xk2P4iOrdYzUU,ijYSYbr",104
MFGR#25,ASIA,INDONESIA,INDONESIA0,ynGOGBWM1g2ppv3GBZ4F,106
MFGR#25,ASIA,INDONESIA,INDONESIA0,z9WGJ7B9,499
MFGR#31,ASIA,CHINA,CHINA    6,8LdtVOXq6ejlmfTh,482
MFGR#31,ASIA,CHINA,CHINA    6,"Fr2TmxxI6mLh,sXAj",446
MFGR#31,ASIA,CHINA,CHINA    6,sJlHSDLpYsNjM,269
MFGR#31,ASIA,CHINA,CHINA    8,TA3zjy0i4rgoal1ukBosP,373
MFGR#31,ASIA,CHINA,CHINA    8,i3ChAKWhBOOwxK9n8J9vejoM,162
MFGR#31,ASIA,INDONESIA,INDONESIA0,vH3mcklp Z,236
MFGR#31,ASIA,INDONESIA,INDONESIA0,5U85O9X8,342
MFGR#31,ASIA,INDONESIA,INDONESIA0,"5fCCDoYELVbyRq,PT9C OF",165
MFGR#31,ASIA,INDONESIA,INDONESIA0,6z6PIEq,121
MFGR#31,ASIA,INDONESIA,INDONESIA0,JFKJM3XXCFAi0PxVSfTv3AAg,160
MFGR#31,ASIA,INDONESIA,INDONESIA0,LlL4ZBKxNi0esWi8c,306
MFGR#31,ASIA,INDONESIA,INDONESIA0,OLLkagRuhiycWWHdkrRHf1q,134
MFGR#31,ASIA,INDONESIA,INDONESIA0,OjpQyyYu9P0qP,629
MFGR#31,ASIA,INDONESIA,INDONESIA0,PFRqBPf,314
MFGR#31,ASIA,INDONESIA,INDONESIA0,PR4xdqIm2EluMp,224
MFGR#31,ASIA,INDONESIA,INDONESIA0,ZSOylZBK DlVAi9ROTxMP,369
MFGR#31,ASIA,INDONESIA,INDONESIA0,aZzSOPxr748CceWovThdSN,127
MFGR#31,ASIA,INDONESIA,INDONESIA0,i00NkV,364
MFGR#31,ASIA,INDONESIA,INDONESIA0,"i51GMTvjEnDro,vjF1EYmA",356
MFGR#31,ASIA,INDONESIA,INDONESIA0,"kbHcn5 hA5OGrC,Bwcnc",99
MFGR#31,ASIA,INDONESIA,INDONESIA0,luKrm8e8gfaR,54
MFGR#31,ASIA,INDONESIA,INDONESIA0,nCOFZUcEo,271
MFGR#31,ASIA,INDONESIA,INDONESIA0,sNVVZtrn yAzG4X68,108
MFGR#31,ASIA,INDONESIA,INDONESIA0,sPigId5cZh61Imy8l,440
MFGR#31,ASIA,INDONESIA,INDONESIA0,svYlmdzd7xRJoS,135
MFGR#31,ASIA,INDONESIA,INDONESIA0,uS4dPoi4UlQcTkYqOPN,398
MFGR#31,ASIA,INDONESIA,INDONESIA0,v1X2F9a,372
MFGR#31,ASIA,INDONESIA,INDONESIA0,"xk2P4iOrdYzUU,ijYSYbr",108
MFGR#31,ASIA,INDONESIA,INDONESIA0,ynGOGBWM1g2ppv3GBZ4F,314
MFGR#31,ASIA,INDONESIA,INDONESIA0,z9WGJ7B9,278
MFGR#32,ASIA,CHINA,CHINA    6,8LdtVOXq6ejlmfTh,480
MFGR#32,ASIA,CHINA,CHINA    6,"Fr2TmxxI6mLh,sXAj",443
MFGR#32,ASIA,CHINA,CHINA    6,sJlHSDLpYsNjM,135
MFGR#32,ASIA,CHINA,CHINA    8,TA3zjy0i4rgoal1ukBosP,381
MFGR#32,ASIA,CHINA,CHINA    8,i3ChAKWhBOOwxK9n8J9vejoM,378
MFGR#32,ASIA,INDONESIA,INDONESIA0,vH3mcklp Z,210
MFGR#32,ASIA,INDONESIA,INDONESIA0,5U85O9X8,532
MFGR#32,ASIA,INDONESIA,INDONESIA0,"5fCCDoYELVbyRq,PT9C OF",145
MFGR#32,ASIA,INDONESIA,INDONESIA0,6z6PIEq,200
MFGR#32,ASIA,INDONESIA,INDONESIA0,JFKJM3XXCFAi0PxVSfTv3AAg,218
MFGR#32,ASIA,INDONESIA,INDONESIA0,LlL4ZBKxNi0esWi8c,427
MFGR#32,ASIA,INDONESIA,INDONESIA0,OLLkagRuhiycWWHdkrRHf1q,321
MFGR#32,ASIA,INDONESIA,INDONESIA0,OjpQyyYu9P0qP,432
MFGR#32,ASIA,INDONESIA,INDONESIA0,PFRqBPf,348
MFGR#32,ASIA,INDONESIA,INDONESIA0,PR4xdqIm2EluMp,148
MFGR#32,ASIA,INDONESIA,INDONESIA0,ZSOylZBK DlVAi9ROTxMP,246
MFGR#32,ASIA,INDONESIA,INDONESIA0,aZzSOPxr748CceWovThdSN,134
MFGR#32,ASIA,INDONESIA,INDONESIA0,i00NkV,423
MFGR#32,ASIA,INDONESIA,INDONESIA0,"i51GMTvjEnDro,vjF1EYmA",226
MFGR#32,ASIA,INDONESIA,INDONESIA0,"kbHcn5 hA5OGrC,Bwcnc",192
MFGR#32,ASIA,INDONESIA,INDONESIA0,luKrm8e8gfaR,217
MFGR#32,ASIA,INDONESIA,INDONESIA0,nCOFZUcEo,504
MFGR#32,ASIA,INDONESIA,INDONESIA0,sNVVZtrn yAzG4X68,458
MFGR#32,ASIA,INDONESIA,INDONESIA0,sPigId5cZh61Imy8l,177
MFGR#32,ASIA,INDONESIA,INDONESIA0,svYlmdzd7xRJoS,31
MFGR#32,ASIA,INDONESIA,INDONESIA0,uS4dPoi4UlQcTkYqOPN,369
MFGR#32,ASIA,INDONESIA,INDONESIA0,v1X2F9a,271
MFGR#32,ASIA,INDONESIA,INDONESIA0,"xk2P4iOrdYzUU,ijYSYbr",227
MFGR#32,ASIA,INDONESIA,INDONESIA0,ynGOGBWM1g2ppv3GBZ4F,258
MFGR#32,ASIA,INDONESIA,INDONESIA0,z9WGJ7B9,355
MFGR#33,ASIA,CHINA,CHINA    6,8LdtVOXq6ejlmfTh,545
MFGR#33,ASIA,CHINA,CHINA    6,"Fr2TmxxI6mLh,sXAj",291
MFGR#33,ASIA,CHINA,CHINA    6,sJlHSDLpYsNjM,72
MFGR#33,ASIA,CHINA,CHINA    8,TA3zjy0i4rgoal1ukBosP,459
MFGR#33,ASIA,CHINA,CHINA    8,i3ChAKWhBOOwxK9n8J9vejoM,137
MFGR#33,ASIA,INDONESIA,INDONESIA0,vH3mcklp Z,231
MFGR#33,ASIA,INDONESIA,INDONESIA0,5U85O9X8,314
MFGR#33,ASIA,INDONESIA,INDONESIA0,"5fCCDoYELVbyRq,PT9C OF",187
MFGR#33,ASIA,INDONESIA,INDONESIA0,6z6PIEq,225
MFGR#33,ASIA,INDONESIA,INDONESIA0,JFKJM3XXCFAi0PxVSfTv3AAg,247
MFGR#33,ASIA,INDONESIA,INDONESIA0,LlL4ZBKxNi0esWi8c,348
MFGR#33,ASIA,INDONESIA,INDONESIA0,OLLkagRuhiycWWHdkrRHf1q,180
MFGR#33,ASIA,INDONESIA,INDONESIA0,OjpQyyYu9P0qP,496
MFGR#33,ASIA,INDONESIA,INDONESIA0,PFRqBPf,405
MFGR#33,ASIA,INDONESIA,INDONESIA0,PR4xdqIm2EluMp,350
MFGR#33,ASIA,INDONESIA,INDONESIA0,ZSOylZBK DlVAi9ROTxMP,163
MFGR#33,ASIA,INDONESIA,INDONESIA0,aZzSOPxr748CceWovThdSN,211
MFGR#33,ASIA,INDONESIA,INDONESIA0,i00NkV,536
MFGR#33,ASIA,INDONESIA,INDONESIA0,"i51GMTvjEnDro,vjF1EYmA",284
MFGR#33,ASIA,INDONESIA,INDONESIA0,"kbHcn5 hA5OGrC,Bwcnc",91
MFGR#33,ASIA,INDONESIA,INDONESIA0,luKrm8e8gfaR,302
MFGR#33,ASIA,INDONESIA,INDONESIA0,nCOFZUcEo,403
MFGR#33,ASIA,INDONESIA,INDONESIA0,sNVVZtrn yAzG4X68,296
MFGR#33,ASIA,INDONESIA,INDONESIA0,sPigId5cZh61Imy8l,398
MFGR#33,ASIA,INDONESIA,INDONESIA0,svYlmdzd7xRJoS,183
MFGR#33,ASIA,INDONESIA,INDONESIA0,uS4dPoi4UlQcTkYqOPN,417
MFGR#33,ASIA,INDONESIA,INDONESIA0,v1X2F9a,242
MFGR#33,ASIA,INDONESIA,INDONESIA0,"xk2P4iOrdYzUU,ijYSYbr",193
MFGR#33,ASIA,INDONESIA,INDONESIA0,ynGOGBWM1g2ppv3GBZ4F,210
MFGR#33,ASIA,INDONESIA,INDONESIA0,z9WGJ7B9,337
MFGR#34,ASIA,CHINA,CHINA    6,8LdtVOXq6ejlmfTh,369
MFGR#34,ASIA,CHINA,CHINA    6,"Fr2TmxxI6mLh,sXAj",476
MFGR#34,ASIA,CHINA,CHINA    6,sJlHSDLpYsNjM,110
MFGR#34,ASIA,CHINA,CHINA    8,TA3zjy0i4rgoal1ukBosP,434
MFGR#34,ASIA,CHINA,CHINA    8,i3ChAKWhBOOwxK9n8J9vejoM,87
MFGR#34,ASIA,INDONESIA,INDONESIA0,vH3mcklp Z,234
MFGR#34,ASIA,INDONESIA,INDONESIA0,5U85O9X8,502
MFGR#34,ASIA,INDONESIA,INDONESIA0,"5fCCDoYELVbyRq,PT9C OF",253
MFGR#34,ASIA,INDONESIA,INDONESIA0,6z6PIEq,263
MFGR#34,ASIA,INDONESIA,INDONESIA0,JFKJM3XXCFAi0PxVSfTv3AAg,142
MFGR#34,ASIA,INDONESIA,INDONESIA0,LlL4ZBKxNi0esWi8c,400
MFGR#34,ASIA,INDONESIA,INDONESIA0,OLLkagRuhiycWWHdkrRHf1q,252
MFGR#34,ASIA,INDONESIA,INDONESIA0,OjpQyyYu9P0qP,355
MFGR#34,ASIA,INDONESIA,INDONESIA0,PFRqBPf,338
MFGR#34,ASIA,INDONESIA,INDONESIA0,PR4xdqIm2EluMp,230
MFGR#34,ASIA,INDONESIA,INDONESIA0,ZSOylZBK DlVAi9ROTxMP,345
MFGR#34,ASIA,INDONESIA,INDONESIA0,aZzSOPxr748CceWovThdSN,175
MFGR#34,ASIA,INDONESIA,INDONESIA0,i00NkV,388
MFGR#34,ASIA,INDONESIA,INDONESIA0,"i51GMTvjEnDro,vjF1EYmA",296
MFGR#34,ASIA,INDONESIA,INDONESIA0,"kbHcn5 hA5OGrC,Bwcnc",176
MFGR#34,ASIA,INDONESIA,INDONESIA0,luKrm8e8gfaR,187
MFGR#34,ASIA,INDONESIA,INDONESIA0,nCOFZUcEo,253
MFGR#34,ASIA,INDONESIA,INDONESIA0,sNVVZtrn yAzG4X68,562
MFGR#34,ASIA,INDONESIA,INDONESIA0,sPigId5cZh61Imy8l,138
MFGR#34,ASIA,INDONESIA,INDONESIA0,svYlmdzd7xRJoS,62
MFGR#34,ASIA,INDONESIA,INDONESIA0,uS4dPoi4UlQcTkYqOPN,436
MFGR#34,ASIA,INDONESIA,INDONESIA0,v1X2F9a,286
MFGR#34,ASIA,INDONESIA,INDONESIA0,"xk2P4iOrdYzUU,ijYSYbr",176
MFGR#34,ASIA,INDONESIA,INDONESIA0,ynGOGBWM1g2ppv3GBZ4F,116
MFGR#34,ASIA,INDONESIA,INDONESIA0,z9WGJ7B9,445
MFGR#35,ASIA,CHINA,CHINA    6,8LdtVOXq6ejlmfTh,206
MFGR#35,ASIA,CHINA,CHINA    6,"Fr2TmxxI6mLh,sXAj",355
MFGR#35,ASIA,CHINA,CHINA    6,sJlHSDLpYsNjM,165
MFGR#35,ASIA,CHINA,CHINA    8,TA3zjy0i4rgoal1ukBosP,424
MFGR#35,ASIA,CHINA,CHINA    8,i3ChAKWhBOOwxK9n8J9vejoM,209
MFGR#35,ASIA,INDONESIA,INDONESIA0,vH3mcklp Z,194
MFGR#35,ASIA,INDONESIA,INDONESIA0,5U85O9X8,397
MFGR#35,ASIA,INDONESIA,INDONESIA0,"5fCCDoYELVbyRq,PT9C OF",63
MFGR#35,ASIA,INDONESIA,INDONESIA0,6z6PIEq,138
MFGR#35,ASIA,INDONESIA,INDONESIA0,JFKJM3XXCFAi0PxVSfTv3AAg,98
MFGR#35,ASIA,INDONESIA,INDONESIA0,LlL4ZBKxNi0esWi8c,355
MFGR#35,ASIA,INDONESIA,INDONESIA0,OLLkagRuhiycWWHdkrRHf1q,265
MFGR#35,ASIA,INDONESIA,INDONESIA0,OjpQyyYu9P0qP,497
MFGR#35,ASIA,INDONESIA,INDONESIA0,PFRqBPf,395
MFGR#35,ASIA,INDONESIA,INDONESIA0,PR4xdqIm2EluMp,258
MFGR#35,ASIA,INDONESIA,INDONESIA0,ZSOylZBK DlVAi9ROTxMP,573
MFGR#35,ASIA,INDONESIA,INDONESIA0,aZzSOPxr748CceWovThdSN,248
MFGR#35,ASIA,INDONESIA,INDONESIA0,i00NkV,203
MFGR#35,ASIA,INDONESIA,INDONESIA0,"i51GMTvjEnDro,vjF1EYmA",221
MFGR#35,ASIA,INDONESIA,INDONESIA0,"kbHcn5 hA5OGrC,Bwcnc",117
MFGR#35,ASIA,INDONESIA,INDONESIA0,luKrm8e8gfaR,160
MFGR#35,ASIA,INDONESIA,INDONESIA0,nCOFZUcEo,217
MFGR#35,ASIA,INDONESIA,INDONESIA0,sNVVZtrn yAzG4X68,412
MFGR#35,ASIA,INDONESIA,INDONESIA0,sPigId5cZh61Imy8l,130
MFGR#35,ASIA,INDONESIA,INDONESIA0,svYlmdzd7xRJoS,135
MFGR#35,ASIA,INDONESIA,INDONESIA0,uS4dPoi4UlQcTkYqOPN,393
MFGR#35,ASIA,INDONESIA,INDONESIA0,v1X2F9a,544
MFGR#35,ASIA,INDONESIA,INDONESIA0,"xk2P4iOrdYzUU,ijYSYbr",193
MFGR#35,ASIA,INDONESIA,INDONESIA0,ynGOGBWM1g2ppv3GBZ4F,284
MFGR#35,ASIA,INDONESIA,INDONESIA0,z9WGJ7B9,515
MFGR#41,ASIA,CHINA,CHINA    6,8LdtVOXq6ejlmfTh,269
MFGR#41,ASIA,CHINA,CHINA    6,"Fr2TmxxI6mLh,sXAj",322
MFGR#41,ASIA,CHINA,CHINA    6,sJlHSDLpYsNjM,181
MFGR#41,ASIA,CHINA,CHINA    8,TA3zjy0i4rgoal1ukBosP,364
MFGR#41,ASIA,CHINA,CHINA    8,i3ChAKWhBOOwxK9n8J9vejoM,310
MFGR#41,ASIA,INDONESIA,INDONESIA0,vH3mcklp Z,325
MFGR#41,ASIA,INDONESIA,INDONESIA0,5U85O9X8,645
MFGR#41,ASIA,INDONESIA,INDONESIA0,"5fCCDoYELVbyRq,PT9C OF",95
MFGR#41,ASIA,INDONESIA,INDONESIA0,JFKJM3XXCFAi0PxVSfTv3AAg,257
MFGR#41,ASIA,INDONESIA,INDONESIA0,LlL4ZBKxNi0esWi8c,428
MFGR#41,ASIA,INDONESIA,INDONESIA0,OLLkagRuhiycWWHdkrRHf1q,264
MFGR#41,ASIA,INDONESIA,INDONESIA0,OjpQyyYu9P0qP,488
MFGR#41,ASIA,INDONESIA,INDONESIA0,PFRqBPf,153
MFGR#41,ASIA,INDONESIA,INDONESIA0,PR4xdqIm2EluMp,213
MFGR#41,ASIA,INDONESIA,INDONESIA0,ZSOylZBK DlVAi9ROTxMP,326
MFGR#41,ASIA,INDONESIA,INDONESIA0,aZzSOPxr748CceWovThdSN,71
MFGR#41,ASIA,INDONESIA,INDONESIA0,i00NkV,428
MFGR#41,ASIA,INDONESIA,INDONESIA0,"i51GMTvjEnDro,vjF1EYmA",238
MFGR#41,ASIA,INDONESIA,INDONESIA0,"kbHcn5 hA5OGrC,Bwcnc",114
MFGR#41,ASIA,INDONESIA,INDONESIA0,luKrm8e8gfaR,227
MFGR#41,ASIA,INDONESIA,INDONESIA0,nCOFZUcEo,450
MFGR#41,ASIA,INDONESIA,INDONESIA0,sNVVZtrn yAzG4X68,430
MFGR#41,ASIA,INDONESIA,INDONESIA0,sPigId5cZh61Imy8l,403
MFGR#41,ASIA,INDONESIA,INDONESIA0,svYlmdzd7xRJoS,199
MFGR#41,ASIA,INDONESIA,INDONESIA0,uS4dPoi4UlQcTkYqOPN,323
MFGR#41,ASIA,INDONESIA,INDONESIA0,v1X2F9a,281
MFGR#41,ASIA,INDONESIA,INDONESIA0,"xk2P4iOrdYzUU,ijYSYbr",210
MFGR#41,ASIA,INDONESIA,INDONESIA0,ynGOGBWM1g2ppv3GBZ4F,251
MFGR#41,ASIA,INDONESIA,INDONESIA0,z9WGJ7B9,368
MFGR#42,ASIA,CHINA,CHINA    6,8LdtVOXq6ejlmfTh,461
MFGR#42,ASIA,CHINA,CHINA    6,"Fr2TmxxI6mLh,sXAj",279
MFGR#42,ASIA,CHINA,CHINA    6,sJlHSDLpYsNjM,120
MFGR#42,ASIA,CHINA,CHINA    8,TA3zjy0i4rgoal1ukBosP,215
MFGR#42,ASIA,CHINA,CHINA    8,i3ChAKWhBOOwxK9n8J9vejoM,135
MFGR#42,ASIA,INDONESIA,INDONESIA0,vH3mcklp Z,425
MFGR#42,ASIA,INDONESIA,INDONESIA0,5U85O9X8,393
MFGR#42,ASIA,INDONESIA,INDONESIA0,"5fCCDoYELVbyRq,PT9C OF",122
MFGR#42,ASIA,INDONESIA,INDONESIA0,6z6PIEq,104
MFGR#42,ASIA,INDONESIA,INDONESIA0,JFKJM3XXCFAi0PxVSfTv3AAg,101
MFGR#42,ASIA,INDONESIA,INDONESIA0,LlL4ZBKxNi0esWi8c,255
MFGR#42,ASIA,INDONESIA,INDONESIA0,OLLkagRuhiycWWHdkrRHf1q,174
MFGR#42,ASIA,INDONESIA,INDONESIA0,OjpQyyYu9P0qP,380
MFGR#42,ASIA,INDONESIA,INDONESIA0,PFRqBPf,515
MFGR#42,ASIA,INDONESIA,INDONESIA0,PR4xdqIm2EluMp,109
MFGR#42,ASIA,INDONESIA,INDONESIA0,ZSOylZBK DlVAi9ROTxMP,373
MFGR#42,ASIA,INDONESIA,INDONESIA0,aZzSOPxr748CceWovThdSN,247
MFGR#42,ASIA,INDONESIA,INDONESIA0,i00NkV,303
MFGR#42,ASIA,INDONESIA,INDONESIA0,"i51GMTvjEnDro,vjF1EYmA",327
MFGR#42,ASIA,INDONESIA,INDONESIA0,"kbHcn5 hA5OGrC,Bwcnc",124
MFGR#42,ASIA,INDONESIA,INDONESIA0,luKrm8e8gfaR,267
MFGR#42,ASIA,INDONESIA,INDONESIA0,nCOFZUcEo,297
MFGR#42,ASIA,INDONESIA,INDONESIA0,sNVVZtrn yAzG4X68,481
MFGR#42,ASIA,INDONESIA,INDONESIA0,sPigId5cZh61Imy8l,224
MFGR#42,ASIA,INDONESIA,INDONESIA0,svYlmdzd7xRJoS,67
MFGR#42,ASIA,INDONESIA,INDONESIA0,uS4dPoi4UlQcTkYqOPN,340
MFGR#42,ASIA,INDONESIA,INDONESIA0,v1X2F9a,258
MFGR#42,ASIA,INDONESIA,INDONESIA0,"xk2P4iOrdYzUU,ijYSYbr",398
MFGR#42,ASIA,INDONESIA,INDONESIA0,ynGOGBWM1g2ppv3GBZ4F,158
MFGR#42,ASIA,INDONESIA,INDONESIA0,z9WGJ7B9,268
MFGR#43,ASIA,CHINA,CHINA    6,8LdtVOXq6ejlmfTh,565
MFGR#43,ASIA,CHINA,CHINA    6,"Fr2TmxxI6mLh,sXAj",407
MFGR#43,ASIA,CHINA,CHINA    6,sJlHSDLpYsNjM,209
MFGR#43,ASIA,CHINA,CHINA    8,TA3zjy0i4rgoal1ukBosP,293
MFGR#43,ASIA,CHINA,CHINA    8,i3ChAKWhBOOwxK9n8J9vejoM,92
MFGR#43,ASIA,INDONESIA,INDONESIA0,vH3mcklp Z,511
MFGR#43,ASIA,INDONESIA,INDONESIA0,5U85O9X8,500
MFGR#43,ASIA,INDONESIA,INDONESIA0,"5fCCDoYELVbyRq,PT9C OF",123
MFGR#43,ASIA,INDONESIA,INDONESIA0,6z6PIEq,133
MFGR#43,ASIA,INDONESIA,INDONESIA0,JFKJM3XXCFAi0PxVSfTv3AAg,178
MFGR#43,ASIA,INDONESIA,INDONESIA0,LlL4ZBKxNi0esWi8c,370
MFGR#43,ASIA,INDONESIA,INDONESIA0,OLLkagRuhiycWWHdkrRHf1q,90
MFGR#43,ASIA,INDONESIA,INDONESIA0,OjpQyyYu9P0qP,344
MFGR#43,ASIA,INDONESIA,INDONESIA0,PFRqBPf,396
MFGR#43,ASIA,INDONESIA,INDONESIA0,PR4xdqIm2EluMp,80
MFGR#43,ASIA,INDONESIA,INDONESIA0,ZSOylZBK DlVAi9ROTxMP,377
MFGR#43,ASIA,INDONESIA,INDONESIA0,aZzSOPxr748CceWovThdSN,214
MFGR#43,ASIA,INDONESIA,INDONESIA0,i00NkV,376
MFGR#43,ASIA,INDONESIA,INDONESIA0,"i51GMTvjEnDro,vjF1EYmA",388
MFGR#43,ASIA,INDONESIA,INDONESIA0,"kbHcn5 hA5OGrC,Bwcnc",178
MFGR#43,ASIA,INDONESIA,INDONESIA0,luKrm8e8gfaR,265
MFGR#43,ASIA,INDONESIA,INDONESIA0,nCOFZUcEo,601
MFGR#43,ASIA,INDONESIA,INDONESIA0,sNVVZtrn yAzG4X68,160
MFGR#43,ASIA,INDONESIA,INDONESIA0,sPigId5cZh61Imy8l,225
MFGR#43,ASIA,INDONESIA,INDONESIA0,svYlmdzd7xRJoS,71
MFGR#43,ASIA,INDONESIA,INDONESIA0,uS4dPoi4UlQcTkYqOPN,247
MFGR#43,ASIA,INDONESIA,INDONESIA0,v1X2F9a,368
MFGR#43,ASIA,INDONESIA,INDONESIA0,"xk2P4iOrdYzUU,ijYSYbr",364
MFGR#43,ASIA,INDONESIA,INDONESIA0,ynGOGBWM1g2ppv3GBZ4F,155
MFGR#43,ASIA,INDONESIA,INDONESIA0,z9WGJ7B9,433
MFGR#44,ASIA,CHINA,CHINA    6,8LdtVOXq6ejlmfTh,556
MFGR#44,ASIA,CHINA,CHINA    6,"Fr2TmxxI6mLh,sXAj",329
MFGR#44,ASIA,CHINA,CHINA    6,sJlHSDLpYsNjM,64
MFGR#44,ASIA,CHINA,CHINA    8,TA3zjy0i4rgoal1ukBosP,197
MFGR#44,ASIA,CHINA,CHINA    8,i3ChAKWhBOOwxK9n8J9vejoM,85
MFGR#44,ASIA,INDONESIA,INDONESIA0,vH3mcklp Z,124
MFGR#44,ASIA,INDONESIA,INDONESIA0,5U85O9X8,639
MFGR#44,ASIA,INDONESIA,INDONESIA0,"5fCCDoYELVbyRq,PT9C OF",103
MFGR#44,ASIA,INDONESIA,INDONESIA0,6z6PIEq,89
MFGR#44,ASIA,INDONESIA,INDONESIA0,JFKJM3XXCFAi0PxVSfTv3AAg,241
MFGR#44,ASIA,INDONESIA,INDONESIA0,LlL4ZBKxNi0esWi8c,522
MFGR#44,ASIA,INDONESIA,INDONESIA0,OLLkagRuhiycWWHdkrRHf1q,149
MFGR#44,ASIA,INDONESIA,INDONESIA0,OjpQyyYu9P0qP,513
MFGR#44,ASIA,INDONESIA,INDONESIA0,PFRqBPf,268
MFGR#44,ASIA,INDONESIA,INDONESIA0,PR4xdqIm2EluMp,300
MFGR#44,ASIA,INDONESIA,INDONESIA0,ZSOylZBK DlVAi9ROTxMP,280
MFGR#44,ASIA,INDONESIA,INDONESIA0,aZzSOPxr748CceWovThdSN,116
MFGR#44,ASIA,INDONESIA,INDONESIA0,i00NkV,402
MFGR#44,ASIA,INDONESIA,INDONESIA0,"i51GMTvjEnDro,vjF1EYmA",231
MFGR#44,ASIA,INDONESIA,INDONESIA0,"kbHcn5 hA5OGrC,Bwcnc",172
MFGR#44,ASIA,INDONESIA,INDONESIA0,luKrm8e8gfaR,266
MFGR#44,ASIA,INDONESIA,INDONESIA0,nCOFZUcEo,275
MFGR#44,ASIA,INDONESIA,INDONESIA0,sNVVZtrn yAzG4X68,306
MFGR#44,ASIA,INDONESIA,INDONESIA0,sPigId5cZh61Imy8l,315
MFGR#44,ASIA,INDONESIA,INDONESIA0,svYlmdzd7xRJoS,276
MFGR#44,ASIA,INDONESIA,INDONESIA0,uS4dPoi4UlQcTkYqOPN,393
MFGR#44,ASIA,INDONESIA,INDONESIA0,v1X2F9a,139
MFGR#44,ASIA,INDONESIA,INDONESIA0,"xk2P4iOrdYzUU,ijYSYbr",359
MFGR#44,ASIA,INDONESIA,INDONESIA0,ynGOGBWM1g2ppv3GBZ4F,178
MFGR#44,ASIA,INDONESIA,INDONESIA0,z9WGJ7B9,448
MFGR#45,ASIA,CHINA,CHINA    6,8LdtVOXq6ejlmfTh,407
MFGR#45,ASIA,CHINA,CHINA    6,"Fr2TmxxI6mLh,sXAj",508
MFGR#45,ASIA,CHINA,CHINA    6,sJlHSDLpYsNjM,188
MFGR#45,ASIA,CHINA,CHINA    8,TA3zjy0i4rgoal1ukBosP,267
MFGR#45,ASIA,CHINA,CHINA    8,i3ChAKWhBOOwxK9n8J9vejoM,250
MFGR#45,ASIA,INDONESIA,INDONESIA0,vH3mcklp Z,53
MFGR#45,ASIA,INDONESIA,INDONESIA0,5U85O9X8,447
MFGR#45,ASIA,INDONESIA,INDONESIA0,"5fCCDoYELVbyRq,PT9C OF",113
MFGR#45,ASIA,INDONESIA,INDONESIA0,6z6PIEq,268
MFGR#45,ASIA,INDONESIA,INDONESIA0,JFKJM3XXCFAi0PxVSfTv3AAg,284
MFGR#45,ASIA,INDONESIA,INDONESIA0,LlL4ZBKxNi0esWi8c,578
MFGR#45,ASIA,INDONESIA,INDONESIA0,OLLkagRuhiycWWHdkrRHf1q,205
MFGR#45,ASIA,INDONESIA,INDONESIA0,OjpQyyYu9P0qP,574
MFGR#45,ASIA,INDONESIA,INDONESIA0,PFRqBPf,459
MFGR#45,ASIA,INDONESIA,INDONESIA0,PR4xdqIm2EluMp,419
MFGR#45,ASIA,INDONESIA,INDONESIA0,ZSOylZBK DlVAi9ROTxMP,375
MFGR#45,ASIA,INDONESIA,INDONESIA0,aZzSOPxr748CceWovThdSN,162
MFGR#45,ASIA,INDONESIA,INDONESIA0,i00NkV,197
MFGR#45,ASIA,INDONESIA,INDONESIA0,"i51GMTvjEnDro,vjF1EYmA",410
MFGR#45,ASIA,INDONESIA,INDONESIA0,"kbHcn5 hA5OGrC,Bwcnc",110
MFGR#45,ASIA,INDONESIA,INDONESIA0,luKrm8e8gfaR,210
MFGR#45,ASIA,INDONESIA,INDONESIA0,nCOFZUcEo,551
MFGR#45,ASIA,INDONESIA,INDONESIA0,sNVVZtrn yAzG4X68,350
MFGR#45,ASIA,INDONESIA,INDONESIA0,sPigId5cZh61Imy8l,175
MFGR#45,ASIA,INDONESIA,INDONESIA0,svYlmdzd7xRJoS,97
MFGR#45,ASIA,INDONESIA,INDONESIA0,uS4dPoi4UlQcTkYqOPN,434
MFGR#45,ASIA,INDONESIA,INDONESIA0,v1X2F9a,337
MFGR#45,ASIA,INDONESIA,INDONESIA0,"xk2P4iOrdYzUU,ijYSYbr",370
MFGR#45,ASIA,INDONESIA,INDONESIA0,ynGOGBWM1g2ppv3GBZ4F,203
MFGR#45,ASIA,INDONESIA,INDONESIA0,z9WGJ7B9,287
MFGR#51,ASIA,CHINA,CHINA    6,8LdtVOXq6ejlmfTh,461
MFGR#51,ASIA,CHINA,CHINA    6,"Fr2TmxxI6mLh,sXAj",426
MFGR#51,ASIA,CHINA,CHINA    6,sJlHSDLpYsNjM,255
MFGR#51,ASIA,CHINA,CHINA    8,TA3zjy0i4rgoal1ukBosP,381
MFGR#51,ASIA,CHINA,CHINA    8,i3ChAKWhBOOwxK9n8J9vejoM,274
MFGR#51,ASIA,INDONESIA,INDONESIA0,vH3mcklp Z,257
MFGR#51,ASIA,INDONESIA,INDONESIA0,5U85O9X8,326
MFGR#51,ASIA,INDONESIA,INDONESIA0,"5fCCDoYELVbyRq,PT9C OF",235
MFGR#51,ASIA,INDONESIA,INDONESIA0,6z6PIEq,121
MFGR#51,ASIA,INDONESIA,INDONESIA0,JFKJM3XXCFAi0PxVSfTv3AAg,353
MFGR#51,ASIA,INDONESIA,INDONESIA0,LlL4ZBKxNi0esWi8c,351
MFGR#51,ASIA,INDONESIA,INDONESIA0,OLLkagRuhiycWWHdkrRHf1q,182
MFGR#51,ASIA,INDONESIA,INDONESIA0,OjpQyyYu9P0qP,240
MFGR#51,ASIA,INDONESIA,INDONESIA0,PFRqBPf,418
MFGR#51,ASIA,INDONESIA,INDONESIA0,PR4xdqIm2EluMp,275
MFGR#51,ASIA,INDONESIA,INDONESIA0,ZSOylZBK DlVAi9ROTxMP,298
MFGR#51,ASIA,INDONESIA,INDONESIA0,aZzSOPxr748CceWovThdSN,256
MFGR#51,ASIA,INDONESIA,INDONESIA0,i00NkV,334
MFGR#51,ASIA,INDONESIA,INDONESIA0,"i51GMTvjEnDro,vjF1EYmA",283
MFGR#51,ASIA,INDONESIA,INDONESIA0,"kbHcn5 hA5OGrC,Bwcnc",160
MFGR#51,ASIA,INDONESIA,INDONESIA0,luKrm8e8gfaR,204
MFGR#51,ASIA,INDONESIA,INDONESIA0,nCOFZUcEo,365
MFGR#51,ASIA,INDONESIA,INDONESIA0,sNVVZtrn yAzG4X68,365
MFGR#51,ASIA,INDONESIA,INDONESIA0,sPigId5cZh61Imy8l,228
MFGR#51,ASIA,INDONESIA,INDONESIA0,svYlmdzd7xRJoS,260
MFGR#51,ASIA,INDONESIA,INDONESIA0,uS4dPoi4UlQcTkYqOPN,544
MFGR#51,ASIA,INDONESIA,INDONESIA0,v1X2F9a,215
MFGR#51,ASIA,INDONESIA,INDONESIA0,"xk2P4iOrdYzUU,ijYSYbr",156
MFGR#51,ASIA,INDONESIA,INDONESIA0,ynGOGBWM1g2ppv3GBZ4F,303
MFGR#51,ASIA,INDONESIA,INDONESIA0,z9WGJ7B9,546
MFGR#52,ASIA,CHINA,CHINA    6,8LdtVOXq6ejlmfTh,364
MFGR#52,ASIA,CHINA,CHINA    6,"Fr2TmxxI6mLh,sXAj",457
MFGR#52,ASIA,CHINA,CHINA    6,sJlHSDLpYsNjM,201
MFGR#52,ASIA,CHINA,CHINA    8,TA3zjy0i4rgoal1ukBosP,201
MFGR#52,ASIA,CHINA,CHINA    8,i3ChAKWhBOOwxK9n8J9vejoM,264
MFGR#52,ASIA,INDONESIA,INDONESIA0,vH3mcklp Z,152
MFGR#52,ASIA,INDONESIA,INDONESIA0,5U85O9X8,295
MFGR#52,ASIA,INDONESIA,INDONESIA0,"5fCCDoYELVbyRq,PT9C OF",206
MFGR#52,ASIA,INDONESIA,INDONESIA0,6z6PIEq,100
MFGR#52,ASIA,INDONESIA,INDONESIA0,JFKJM3XXCFAi0PxVSfTv3AAg,188
MFGR#52,ASIA,INDONESIA,INDONESIA0,LlL4ZBKxNi0esWi8c,211
MFGR#52,ASIA,INDONESIA,INDONESIA0,OLLkagRuhiycWWHdkrRHf1q,331
MFGR#52,ASIA,INDONESIA,INDONESIA0,OjpQyyYu9P0qP,475
MFGR#52,ASIA,INDONESIA,INDONESIA0,PFRqBPf,254
MFGR#52,ASIA,INDONESIA,INDONESIA0,PR4xdqIm2EluMp,168
MFGR#52,ASIA,INDONESIA,INDONESIA0,ZSOylZBK DlVAi9ROTxMP,341
MFGR#52,ASIA,INDONESIA,INDONESIA0,aZzSOPxr748CceWovThdSN,139
MFGR#52,ASIA,INDONESIA,INDONESIA0,i00NkV,365
MFGR#52,ASIA,INDONESIA,INDONESIA0,"i51GMTvjEnDro,vjF1EYmA",144
MFGR#52,ASIA,INDONESIA,INDONESIA0,"kbHcn5 hA5OGrC,Bwcnc",204
MFGR#52,ASIA,INDONESIA,INDONESIA0,luKrm8e8gfaR,188
MFGR#52,ASIA,INDONESIA,INDONESIA0,nCOFZUcEo,576
MFGR#52,ASIA,INDONESIA,INDONESIA0,sNVVZtrn yAzG4X68,324
MFGR#52,ASIA,INDONESIA,INDONESIA0,sPigId5cZh61Imy8l,296
MFGR#52,ASIA,INDONESIA,INDONESIA0,svYlmdzd7xRJoS,228
MFGR#52,ASIA,INDONESIA,INDONESIA0,uS4dPoi4UlQcTkYqOPN,395
MFGR#52,ASIA,INDONESIA,INDONESIA0,v1X2F9a,474
MFGR#52,ASIA,INDONESIA,INDONESIA0,"xk2P4iOrdYzUU,ijYSYbr",355
MFGR#52,ASIA,INDONESIA,INDONESIA0,ynGOGBWM1g2ppv3GBZ4F,244
MFGR#52,ASIA,INDONESIA,INDONESIA0,z9WGJ7B9,334
MFGR#53,ASIA,CHINA,CHINA    6,8LdtVOXq6ejlmfTh,415
MFGR#53,ASIA,CHINA,CHINA    6,"Fr2TmxxI6mLh,sXAj",401
MFGR#53,ASIA,CHINA,CHINA    6,sJlHSDLpYsNjM,185
MFGR#53,ASIA,CHINA,CHINA    8,TA3zjy0i4rgoal1ukBosP,355
MFGR#53,ASIA,CHINA,CHINA    8,i3ChAKWhBOOwxK9n8J9vejoM,267
MFGR#53,ASIA,INDONESIA,INDONESIA0,vH3mcklp Z,285
MFGR#53,ASIA,INDONESIA,INDONESIA0,5U85O9X8,451
MFGR#53,ASIA,INDONESIA,INDONESIA0,"5fCCDoYELVbyRq,PT9C OF",162
MFGR#53,ASIA,INDONESIA,INDONESIA0,6z6PIEq,60
MFGR#53,ASIA,INDONESIA,INDONESIA0,JFKJM3XXCFAi0PxVSfTv3AAg,146
MFGR#53,ASIA,INDONESIA,INDONESIA0,LlL4ZBKxNi0esWi8c,418
MFGR#53,ASIA,INDONESIA,INDONESIA0,OLLkagRuhiycWWHdkrRHf1q,168
MFGR#53,ASIA,INDONESIA,INDONESIA0,OjpQyyYu9P0qP,500
MFGR#53,ASIA,INDONESIA,INDONESIA0,PFRqBPf,200
MFGR#53,ASIA,INDONESIA,INDONESIA0,PR4xdqIm2EluMp,221
MFGR#53,ASIA,INDONESIA,INDONESIA0,ZSOylZBK DlVAi9ROTxMP,373
MFGR#53,ASIA,INDONESIA,INDONESIA0,aZzSOPxr748CceWovThdSN,60
MFGR#53,ASIA,INDONESIA,INDONESIA0,i00NkV,222
MFGR#53,ASIA,INDONESIA,INDONESIA0,"i51GMTvjEnDro,vjF1EYmA",597
MFGR#53,ASIA,INDONESIA,INDONESIA0,"kbHcn5 hA5OGrC,Bwcnc",267
MFGR#53,ASIA,INDONESIA,INDONESIA0,luKrm8e8gfaR,186
MFGR#53,ASIA,INDONESIA,INDONESIA0,nCOFZUcEo,251
MFGR#53,ASIA,INDONESIA,INDONESIA0,sNVVZtrn yAzG4X68,641
MFGR#53,ASIA,INDONESIA,INDONESIA0,sPigId5cZh61Imy8l,445
MFGR#53,ASIA,INDONESIA,INDONESIA0,svYlmdzd7xRJoS,45
MFGR#53,ASIA,INDONESIA,INDONESIA0,uS4dPoi4UlQcTkYqOPN,526
MFGR#53,ASIA,INDONESIA,INDONESIA0,v1X2F9a,408
MFGR#53,ASIA,INDONESIA,INDONESIA0,"xk2P4iOrdYzUU,ijYSYbr",271
MFGR#53,ASIA,INDONESIA,INDONESIA0,ynGOGBWM1g2ppv3GBZ4F,145
MFGR#53,ASIA,INDONESIA,INDONESIA0,z9WGJ7B9,523
MFGR#54,ASIA,CHINA,CHINA    6,8LdtVOXq6ejlmfTh,230
MFGR#54,ASIA,CHINA,CHINA    6,"Fr2TmxxI6mLh,sXAj",466
MFGR#54,ASIA,CHINA,CHINA    6,sJlHSDLpYsNjM,136
MFGR#54,ASIA,CHINA,CHINA    8,TA3zjy0i4rgoal1ukBosP,226
MFGR#54,ASIA,CHINA,CHINA    8,i3ChAKWhBOOwxK9n8J9vejoM,343
MFGR#54,ASIA,INDONESIA,INDONESIA0,vH3mcklp Z,184
MFGR#54,ASIA,INDONESIA,INDONESIA0,5U85O9X8,433
MFGR#54,ASIA,INDONESIA,INDONESIA0,"5fCCDoYELVbyRq,PT9C OF",407
MFGR#54,ASIA,INDONESIA,INDONESIA0,6z6PIEq,216
MFGR#54,ASIA,INDONESIA,INDONESIA0,JFKJM3XXCFAi0PxVSfTv3AAg,121
MFGR#54,ASIA,INDONESIA,INDONESIA0,LlL4ZBKxNi0esWi8c,405
MFGR#54,ASIA,INDONESIA,INDONESIA0,OLLkagRuhiycWWHdkrRHf1q,382
MFGR#54,ASIA,INDONESIA,INDONESIA0,OjpQyyYu9P0qP,503
MFGR#54,ASIA,INDONESIA,INDONESIA0,PFRqBPf,393
MFGR#54,ASIA,INDONESIA,INDONESIA0,PR4xdqIm2EluMp,239
MFGR#54,ASIA,INDONESIA,INDONESIA0,ZSOylZBK DlVAi9ROTxMP,239
MFGR#54,ASIA,INDONESIA,INDONESIA0,aZzSOPxr748CceWovThdSN,189
MFGR#54,ASIA,INDONESIA,INDONESIA0,i00NkV,298
MFGR#54,ASIA,INDONESIA,INDONESIA0,"i51GMTvjEnDro,vjF1EYmA",430
MFGR#54,ASIA,INDONESIA,INDONESIA0,"kbHcn5 hA5OGrC,Bwcnc",209
MFGR#54,ASIA,INDONESIA,INDONESIA0,luKrm8e8gfaR,213
MFGR#54,ASIA,INDONESIA,INDONESIA0,nCOFZUcEo,555
MFGR#54,ASIA,INDONESIA,INDONESIA0,sNVVZtrn yAzG4X68,393
MFGR#54,ASIA,INDONESIA,INDONESIA0,sPigId5cZh61Imy8l,254
MFGR#54,ASIA,INDONESIA,INDONESIA0,svYlmdzd7xRJoS,102
MFGR#54,ASIA,INDONESIA,INDONESIA0,uS4dPoi4UlQcTkYqOPN,494
MFGR#54,ASIA,INDONESIA,INDONESIA0,v1X2F9a,350
MFGR#54,ASIA,INDONESIA,INDONESIA0,"xk2P4iOrdYzUU,ijYSYbr",156
MFGR#54,ASIA,INDONESIA,INDONESIA0,ynGOGBWM1g2ppv3GBZ4F,220
MFGR#54,ASIA,INDONESIA,INDONESIA0,z9WGJ7B9,374
MFGR#55,ASIA,CHINA,CHINA    6,8LdtVOXq6ejlmfTh,386
MFGR#55,ASIA,CHINA,CHINA    6,"Fr2TmxxI6mLh,sXAj",453
MFGR#55,ASIA,CHINA,CHINA    6,sJlHSDLpYsNjM,205
MFGR#55,ASIA,CHINA,CHINA    8,TA3zjy0i4rgoal1ukBosP,334
MFGR#55,ASIA,CHINA,CHINA    8,i3ChAKWhBOOwxK9n8J9vejoM,264
MFGR#55,ASIA,INDONESIA,INDONESIA0,vH3mcklp Z,83
MFGR#55,ASIA,INDONESIA,INDONESIA0,5U85O9X8,304
MFGR#55,ASIA,INDONESIA,INDONESIA0,"5fCCDoYELVbyRq,PT9C OF",80
MFGR#55,ASIA,INDONESIA,INDONESIA0,6z6PIEq,220
MFGR#55,ASIA,INDONESIA,INDONESIA0,JFKJM3XXCFAi0PxVSfTv3AAg,480
MFGR#55,ASIA,INDONESIA,INDONESIA0,LlL4ZBKxNi0esWi8c,459
MFGR#55,ASIA,INDONESIA,INDONESIA0,OLLkagRuhiycWWHdkrRHf1q,314
MFGR#55,ASIA,INDONESIA,INDONESIA0,OjpQyyYu9P0qP,562
MFGR#55,ASIA,INDONESIA,INDONESIA0,PFRqBPf,385
MFGR#55,ASIA,INDONESIA,INDONESIA0,PR4xdqIm2EluMp,291
MFGR#55,ASIA,INDONESIA,INDONESIA0,ZSOylZBK DlVAi9ROTxMP,680
MFGR#55,ASIA,INDONESIA,INDONESIA0,aZzSOPxr748CceWovThdSN,127
MFGR#55,ASIA,INDONESIA,INDONESIA0,i00NkV,387
MFGR#55,ASIA,INDONESIA,INDONESIA0,"i51GMTvjEnDro,vjF1EYmA",164
MFGR#55,ASIA,INDONESIA,INDONESIA0,"kbHcn5 hA5OGrC,Bwcnc",160
MFGR#55,ASIA,INDONESIA,INDONESIA0,luKrm8e8gfaR,328
MFGR#55,ASIA,INDONESIA,INDONESIA0,nCOFZUcEo,488
MFGR#55,ASIA,INDONESIA,INDONESIA0,sNVVZtrn yAzG4X68,447
MFGR#55,ASIA,INDONESIA,INDONESIA0,sPigId5cZh61Imy8l,118
MFGR#55,ASIA,INDONESIA,INDONESIA0,svYlmdzd7xRJoS,162
MFGR#55,ASIA,INDONESIA,INDONESIA0,uS4dPoi4UlQcTkYqOPN,417
MFGR#55,ASIA,INDONESIA,INDONESIA0,v1X2F9a,380
MFGR#55,ASIA,INDONESIA,INDONESIA0,"xk2P4iOrdYzUU,ijYSYbr",142
MFGR#55,ASIA,INDONESIA,INDONESIA0,ynGOGBWM1g2ppv3GBZ4F,221
MFGR#55,ASIA,INDONESIA,INDONESIA0,z9WGJ7B9,436
